{"assets/images/africa.jpg":["assets/images/africa.jpg"],"assets/images/animals.jpg":["assets/images/animals.jpg"],"assets/images/antarctica.jpg":["assets/images/antarctica.jpg"],"assets/images/asia.jpg":["assets/images/asia.jpg"],"assets/images/australia.jpg":["assets/images/australia.jpg"],"assets/images/background.png":["assets/images/background.png"],"assets/images/cover.jpg":["assets/images/cover.jpg"],"assets/images/europe.jpg":["assets/images/europe.jpg"],"assets/images/north_america.jpg":["assets/images/north_america.jpg"],"assets/images/photography.jpeg":["assets/images/photography.jpeg"],"assets/images/south_america.jpg":["assets/images/south_america.jpg"],"assets/images/test1.jpeg":["assets/images/test1.jpeg"],"assets/images/test2.jpeg":["assets/images/test2.jpeg"],"assets/images/test3.jpeg":["assets/images/test3.jpeg"],"assets/images/trekking.jpg":["assets/images/trekking.jpg"],"packages/cupertino_icons/assets/CupertinoIcons.ttf":["packages/cupertino_icons/assets/CupertinoIcons.ttf"],"packages/wakelock_web/assets/no_sleep.js":["packages/wakelock_web/assets/no_sleep.js"]}